"emp_no,first_name,last_name,title"
"10001,Georgi,Facello,Senior Engineer"
"10004,Chirstian,Koblick,Senior Engineer"
"10005,Kyoichi,Maliniak,Senior Staff"
"10006,Anneke,Preusig,Senior Engineer"
"10009,Sumant,Peac,Senior Engineer"
"10011,Mary,Sluis,Staff"
"10018,Kazuhide,Peha,Senior Engineer"
"10019,Lillian,Haddadi,Staff"
"10020,Mayuko,Warwick,Engineer"
"10022,Shahaf,Famili,Engineer"
"10023,Bojan,Montemayor,Engineer"
"10026,Yongqiao,Berztiss,Senior Engineer"
"10035,Alain,Chappelet,Senior Engineer"
"10047,Zvonko,Nyanchama,Senior Engineer"
"10051,Hidefumi,Caine,Senior Engineer"
"10053,Sanjiv,Zschoche,Senior Staff"
"10057,Ebbe,Callaway,Senior Engineer"
"10058,Berhard,McFarlin,Senior Staff"
"10059,Alejandro,McAlpine,Senior Staff"
"10063,Gino,Leonhardt,Senior Engineer"
"10066,Kwee,Schusler,Senior Engineer"
"10067,Claudi,Stavenow,Senior Engineer"
"10070,Reuven,Garigliano,Technique Leader"
"10072,Hironoby,Sidou,Senior Engineer"
"10073,Shir,McClurg,Engineer"
"10074,Mokhtar,Bernatsky,Technique Leader"
"10076,Erez,Ritzmann,Senior Engineer"
"10088,Jungsoon,Syrzycki,Senior Staff"
"10091,Amabile,Gomatam,Senior Engineer"
"10096,Jayson,Mandell,Engineer"
"10097,Remzi,Waschkowski,Senior Staff"
"10100,Hironobu,Haraldson,Senior Staff"
"10101,Perla,Heyers,Staff"
"10103,Akemi,Birch,Engineer"
"10106,Eben,Aingworth,Senior Engineer"
"10108,Lunjin,Giveon,Staff"
"10116,Dayanand,Czap,Senior Engineer"
"10126,Kayoko,Valtorta,Senior Staff"
"10127,Subir,Baja,Senior Engineer"
"10129,Armond,Peir,Technique Leader"
"10130,Nishit,Casperson,Senior Engineer"
"10131,Magdalena,Eldridge,Engineer"
"10134,Diederik,Siprelle,Senior Engineer"
"10138,Perry,Shimshoni,Senior Engineer"
"10149,Xiadong,Perry,Staff"
"10150,Zhenbing,Perng,Senior Engineer"
"10152,Jaques,Munro,Engineer"
"10153,Heekeun,Majewski,Assistant Engineer"
"10157,Nigel,Aloisi,Senior Engineer"
"10159,Serif,Buescher,Senior Engineer"
"10160,Debatosh,Khasidashvili,Senior Staff"
"10161,Hairong,Mellouli,Engineer"
"10163,Karsten,Szmurlo,Senior Staff"
"10166,Samphel,Siegrist,Engineer"
"10177,Pragnesh,Iisaka,Staff"
"10183,Mechthild,Bonifati,Staff"
"10186,Shigehito,Kropatsch,Staff"
"10189,Khalid,Erva,Engineer"
"10194,Josyula,Hofmeyr,Senior Staff"
"10196,Marc,Hellwagner,Staff"
"10198,Pranav,Furedi,Senior Engineer"
"10203,Steen,Escriba,Senior Staff"
"10205,Mabhin,Leijenhorst,Senior Engineer"
"10207,Girolamo,Anandan,Senior Engineer"
"10215,Xiaobin,Duclos,Senior Staff"
"10217,Yongmin,Roison,Technique Leader"
"10219,Genta,Kolvik,Senior Staff"
"10224,Leon,Trogemann,Senior Engineer"
"10228,Karoline,Cesareni,Senior Staff"
"10229,Ulises,Takanami,Engineer"
"10230,Clyde,Vernadat,Senior Staff"
"10233,Lein,Vendrig,Senior Staff"
"10237,Yannis,Mandell,Senior Staff"
"10239,Nikolaos,Llado,Staff"
"10240,Remko,Maccarone,Engineer"
"10248,Frederique,Tempesti,Senior Staff"
"10249,Marie,Boreale,Senior Engineer"
"10258,Basil,Ishibashi,Senior Engineer"
"10262,Mahendra,Maraist,Staff"
"10272,Yishai,Cannane,Staff"
"10278,Lubomir,Nitsch,Engineer"
"10281,Moty,Kusakari,Senior Engineer"
"10282,Hercules,Benzmuller,Engineer"
"10283,Kauko,Birjandi,Senior Engineer"
"10284,Masali,Murrill,Engineer"
"10286,Saddek,Gopalakrishnan,Staff"
"10294,Rutger,Miara,Senior Engineer"
"10295,Kristine,Velardi,Senior Staff"
"10298,Dietrich,DuCasse,Staff"
"10302,Faiza,Baer,Senior Staff"
"10305,Hirochika,Piancastelli,Engineer"
"10306,Heng,Kilgour,Staff"
"10307,Nikolaos,Leaver,Engineer"
"10321,Guenter,Ravishankar,Staff"
"10322,Isamu,Dahlbom,Senior Engineer"
"10325,Arunachalam,Badr,Senior Staff"
"10326,Masali,Czap,Staff"
"10327,Roded,Facello,Engineer"
"10328,Serenella,Kawashima,Engineer"
"10333,Snehasis,Dymetman,Senior Engineer"
"10340,Djelloul,Laventhal,Senior Staff"
"10343,Dinah,Syrzycki,Senior Engineer"
"10347,Pradeep,Kaminger,Staff"
"10349,Oksana,Brodie,Senior Staff"
"10350,Kristen,Kavvadias,Engineer"
"10353,Phule,Hammerschmidt,Senior Staff"
"10355,Satyanarayana,Cochrane,Staff"
"10356,Vasilis,Standera,Senior Staff"
"10358,Qunsheng,Tagansky,Technique Leader"
"10363,Toshiki,Muniz,Assistant Engineer"
"10364,Nakhoon,Dengi,Senior Engineer"
"10367,Hyuckchul,Gini,Senior Staff"
"10372,Anneli,Frijda,Technique Leader"
"10374,Willard,Rosin,Staff"
"10377,Marl,Grospietsch,Senior Engineer"
"10382,Shirish,Dredge,Engineer"
"10387,Parto,Wrigley,Senior Staff"
"10388,Hironoby,Kaiser,Staff"
"10389,Make,Peir,Technique Leader"
"10395,Takahiro,Deverell,Engineer"
"10396,Sibyl,Rahier,Senior Engineer"
"10397,Irena,Reutenauer,Technique Leader"
"10402,Volkmar,Ebeling,Technique Leader"
"10404,Prodip,Rosti,Senior Engineer"
"10407,Ulf,Siepmann,Senior Staff"
"10413,Danel,Impagliazzo,Senior Staff"
"10414,Yinlin,Alpin,Senior Engineer"
"10418,Candida,Porotnikoff,Staff"
"10422,Greger,Rubsam,Engineer"
"10426,Arunas,Luce,Technique Leader"
"10429,Martien,Improta,Senior Engineer"
"10432,Hisao,Tiemann,Senior Staff"
"10433,Reuven,Dengi,Engineer"
"10442,Volkmar,Unno,Senior Staff"
"10443,Shichao,Litvinov,Senior Engineer"
"10451,Bodh,Ranta,Senior Engineer"
"10453,Tsvetan,Matzel,Senior Staff"
"10463,Ung,Zaiane,Staff"
"10466,Jiakeng,Himler,Staff"
"10477,Guoxiang,Trogemann,Senior Engineer"
"10486,Amstein,Kossowski,Senior Engineer"
"10494,Yakkov,Servieres,Senior Engineer"
"10497,Pramod,Rabehasaina,Senior Engineer"
"10499,Maik,Luft,Senior Staff"
"10503,Dannz,Pell,Engineer"
"10504,Xiong,Varker,Staff"
"10509,Abdelwaheb,Riesenhuber,Senior Staff"
"10512,Udi,Gihr,Senior Staff"
"10517,Tiina,Speek,Senior Staff"
"10519,Yonghoan,Alencar,Senior Staff"
"10522,Marke,Cesareni,Senior Staff"
"10529,Ymte,Yetto,Assistant Engineer"
"10531,Oguz,Gimbel,Staff"
"10538,Przemyslawa,Falby,Senior Engineer"
"10541,Godehard,Eiter,Staff"
"10542,Yannis,Couchot,Senior Engineer"
"10548,Ramalingam,Gunderson,Senior Staff"
"10552,Kazuhito,Shiratori,Senior Engineer"
"10564,Jianhao,Thisen,Senior Engineer"
"10568,Gao,Poulakidas,Staff"
"10575,Theirry,Yeung,Senior Engineer"
"10586,Kirk,Vuskovic,Senior Engineer"
"10591,Hidde,Hettesheimer,Staff"
"10593,Falguni,Kenevan,Senior Engineer"
"10596,Sanjit,Coors,Senior Staff"
"10603,Wayne,Restivo,Staff"
"10608,Adhemar,Talmor,Senior Engineer"
"10610,Irena,Roccetti,Engineer"
"10614,Gila,Ozeri,Senior Engineer"
"10615,Keung,Delgrande,Senior Staff"
"10617,Hidekazu,Angel,Senior Staff"
"10623,Aleksander,Danlos,Senior Engineer"
"10624,Sham,Gyorkos,Technique Leader"
"10628,Krisda,Krogh,Senior Engineer"
"10629,Lalit,Francisci,Staff"
"10630,Bezalel,Katzenelson,Engineer"
"10631,Inderjeet,Chaudhuri,Engineer"
"10634,Nahid,Chepyzhov,Senior Engineer"
"10636,Saeko,Porotnikoff,Staff"
"10637,Heejo,Frolund,Senior Staff"
"10639,Pramod,Erol,Senior Engineer"
"10641,Guozhong,Zucker,Engineer"
"10642,Hirochika,Narlikar,Engineer"
"10653,Otmar,Feinberg,Senior Engineer"
"10667,Makato,Cusworth,Senior Staff"
"10671,Parviz,Rebaine,Senior Staff"
"10672,Bluma,Zeilberger,Senior Engineer"
"10676,Valeri,Danley,Engineer"
"10683,Guiseppe,Stranks,Senior Engineer"
"10693,Berhard,Daescu,Senior Staff"
"10694,Rildo,Straney,Senior Staff"
"10696,Unal,Fendler,Technique Leader"
"10702,Bader,Szemeredi,Senior Engineer"
"10712,Uma,Koprowski,Senior Engineer"
"10718,Adib,Rullman,Senior Engineer"
"10726,Zita,Minakawa,Senior Engineer"
"10731,Fumitaka,Peak,Senior Staff"
"10734,Sachar,Erdi,Engineer"
"10741,Sven,Huttel,Senior Staff"
"10742,Shim,Wiegley,Technique Leader"
"10745,Poorav,Ranze,Senior Engineer"
"10747,Falguni,Khalid,Senior Engineer"
"10749,King,Brendel,Senior Engineer"
"10750,Roddy,Demeyer,Technique Leader"
"10751,Jordanka,Ushiama,Engineer"
"10764,Yunming,Beetstra,Senior Engineer"
"10767,Monique,Doering,Staff"
"10768,Ishfaq,Candan,Senior Engineer"
"10777,Mizuhito,Kemmerer,Senior Engineer"
"10778,Selwyn,Merey,Senior Staff"
"10780,Goncalo,Staudhammer,Engineer"
"10782,Kish,Perna,Staff"
"10791,Tadahiko,Sgarro,Senior Engineer"
"10795,Supot,Naudin,Senior Staff"
"10801,Uinam,Zschoche,Engineer"
"10803,Katsuyuki,Velasco,Senior Engineer"
"10808,Chenxi,Leijenhorst,Senior Engineer"
"10811,Ashish,Fortenbacher,Engineer"
"10813,Shalesh,Shumilov,Senior Staff"
"10814,Nidapan,Dymetman,Senior Staff"
"10826,Arnd,Anandan,Senior Engineer"
"10827,Willard,Danley,Staff"
"10829,Alper,Narahara,Staff"
"10830,Fen,Fiebach,Senior Staff"
"10831,Toong,Driscoll,Technique Leader"
"10833,Krisda,Gecseg,Technique Leader"
"10834,Huiqun,Rajcani,Engineer"
"10835,Tomoyuki,Kermarrec,Engineer"
"10836,Jianhua,Leivant,Senior Staff"
"10844,Dipayan,Koprowski,Engineer"
"10846,Tokuyasu,Serre,Senior Engineer"
"10847,Theirry,Danley,Senior Staff"
"10848,Fen,Bratsberg,Senior Engineer"
"10849,Makato,Mayerwieser,Engineer"
"10854,Jagoda,Nannarelli,Engineer"
"10858,Kenroku,Gonthier,Senior Engineer"
"10867,Billur,Gyorkos,Engineer"
"10871,Aram,Gilg,Staff"
"10872,Karoline,Speel,Senior Staff"
"10873,Sukumar,Wegerle,Staff"
"10876,Vincent,Papastamatiou,Staff"
"10878,Lakshmi,Deville,Staff"
"10879,Muzhong,Chleq,Senior Engineer"
"10882,Fun,Heuser,Engineer"
"10883,Shimshon,Champarnaud,Engineer"
"10885,Rayond,Cronau,Senior Staff"
"10887,Lunjin,DeMori,Senior Engineer"
"10895,Vishwani,Petersohn,Staff"
"10900,Ferdinand,Prenel,Senior Engineer"
"10906,Munehiro,Carrere,Staff"
"10909,Georgi,Atchley,Senior Engineer"
"10912,Oscal,Fasbender,Senior Staff"
"10913,Narain,Thummel,Staff"
"10918,Susumu,Reghbati,Staff"
"10920,Ronghao,Narahara,Senior Staff"
"10921,Mara,Bahi,Senior Engineer"
"10922,Kyoichi,Wossner,Staff"
"10924,Hironoby,Atchley,Senior Staff"
"10926,Leni,Eppinger,Senior Engineer"
"10927,Gal,Scallan,Senior Staff"
"10930,Arch,Minakawa,Senior Engineer"
"10932,Avishai,Picci,Senior Engineer"
"10936,Mountaz,Schicker,Senior Staff"
"10940,Aleksander,Fioravanti,Engineer"
"10942,Toshimitsu,Larfeldt,Engineer"
"10943,Berna,Skafidas,Senior Engineer"
"10944,Remko,Zyda,Senior Engineer"
"10947,Gor,Usery,Senior Staff"
"10948,Shigehito,Brodie,Senior Engineer"
"10949,Shigeichiro,Wroclawski,Senior Staff"
"10956,Arno,Picel,Engineer"
"10965,Eckart,Braunschweig,Senior Staff"
"10969,Premal,Noriega,Senior Engineer"
"10971,Isamu,Vadhan,Technique Leader"
"10974,Muneo,Papsdorf,Senior Engineer"
"10985,Chiradeep,Furedi,Engineer"
"10986,Masako,Schiper,Technique Leader"
"10987,Flemming,Baezner,Engineer"
"10988,Chinya,Deyuan,Senior Engineer"
"10989,Sumali,Candan,Senior Staff"
"10990,Shin,Foote,Technique Leader"
"10996,Matk,Rahimi,Senior Staff"
"11002,Bluma,Ulupinar,Senior Staff"
"11004,JoAnna,Decleir,Senior Engineer"
"11009,Alper,Axelband,Senior Staff"
"11012,Taegyun,Speckmann,Staff"
"11019,Leon,Huttel,Senior Engineer"
"11021,Srinidhi,Henders,Staff"
"11024,Manton,Collavizza,Staff"
"11027,Remzi,Cappello,Senior Engineer"
"11028,Miyeon,Krider,Senior Engineer"
"11031,Ottavia,Walstra,Senior Staff"
"11032,Erez,Schaaf,Staff"
"11037,Lansing,Maliniak,Senior Engineer"
"11038,Jinya,Beidas,Senior Staff"
"11042,Gou,Breugel,Senior Engineer"
"11048,Jaques,Demke,Senior Staff"
"11050,Elvis,Katiyar,Senior Staff"
"11051,Przemyslawa,Erol,Senior Engineer"
"11056,Palash,Speel,Staff"
"11060,Genevieve,Pokrovskii,Staff"
"11061,Pintsang,Erni,Senior Staff"
"11064,Shawna,Vieri,Senior Engineer"
"11066,Shaz,Langford,Senior Staff"
"11070,Adib,Raney,Senior Engineer"
"11071,Kwan,Sigstam,Senior Engineer"
"11075,Karsten,Belinskaya,Senior Engineer"
"11077,Hideyuki,Merro,Senior Staff"
"11079,Piyush,Garigliano,Senior Engineer"
"11081,Barry,Boyle,Senior Staff"
"11083,Shimshon,Ducloy,Senior Staff"
"11084,Greger,Senzako,Senior Engineer"
"11085,Hailing,Thummel,Senior Engineer"
"11087,Changho,Jayawardene,Senior Engineer"
"11089,Conal,Henders,Senior Staff"
"11091,Souichi,Ramsay,Engineer"
"11092,Narain,Stamatiou,Staff"
"11098,Arnd,Covnot,Engineer"
"11100,Berna,Cochrane,Senior Staff"
"11106,Aris,Iwayama,Senior Engineer"
"11110,Valeska,Birjandi,Staff"
"11111,Udi,Zastre,Assistant Engineer"
"11112,Boaz,Mukaidono,Staff"
"11113,Shahab,Peng,Senior Staff"
"11114,Tse,Felcyn,Staff"
"11119,Ramzi,Luga,Engineer"
"11121,Vugranam,Kakkad,Senior Engineer"
"11130,Xinyu,Menhoudj,Senior Staff"
"11132,Kristin,Harnett,Senior Engineer"
"11133,Nalini,Azulay,Technique Leader"
"11134,Sachar,Rajcani,Senior Engineer"
"11137,Hugh,Luca,Engineer"
"11139,Bogdan,Homond,Senior Staff"
"11143,Yongdong,Rosen,Engineer"
"11144,Carrsten,Heinisuo,Senior Staff"
"11145,Jinxi,Baak,Engineer"
"11146,Ishfaq,Masand,Senior Staff"
"11147,Ayonca,Nitsch,Engineer"
"11148,Zhanqiu,Botman,Senior Staff"
"11156,Tomoyuki,Armand,Staff"
"11158,Masaki,Hagimont,Senior Engineer"
"11162,Kauko,Narlikar,Senior Engineer"
"11168,Shmuel,Tetzlaff,Senior Staff"
"11170,Minghong,Cannard,Senior Engineer"
"11174,Akhilish,Milicia,Engineer"
"11177,Chrisa,dAstous,Senior Engineer"
"11180,Mitsuyuki,Bojadziev,Senior Engineer"
"11181,Hausi,Cullers,Engineer"
"11185,Aloys,Baezner,Senior Staff"
"11186,Kshitij,Stasinski,Senior Engineer"
"11189,Dante,Bodoff,Senior Staff"
"11192,Apostol,Bahr,Engineer"
"11195,Masanao,Lovengreen,Senior Engineer"
"11197,Tadahiro,Fordan,Senior Staff"
"11201,Jouko,Masaki,Staff"
"11203,Sakthirel,Yetto,Senior Staff"
"11204,Diederik,Covnot,Technique Leader"
"11206,Steen,Sury,Staff"
"11207,Saeed,Gips,Engineer"
"11208,Saniya,Valtorta,Technique Leader"
"11211,Yurij,Rissland,Senior Engineer"
"11213,Vugranam,Munoz,Technique Leader"
"11217,Kellie,Mawatari,Senior Engineer"
"11218,Kirk,Hemaspaandra,Technique Leader"
"11221,Alselm,Hammerschmidt,Engineer"
"11229,Gretta,Ramamoorthy,Senior Engineer"
"11232,Hidefumi,Crelier,Senior Staff"
"11233,Sanjit,Waschkowski,Senior Engineer"
"11240,Kiam,Condotta,Engineer"
"11243,Udi,Desikan,Assistant Engineer"
"11249,Randi,Cyre,Engineer"
"11251,Bezalel,Chinal,Senior Staff"
"11253,Koldo,Pokrovskii,Senior Engineer"
"11254,Danel,Rindone,Staff"
"11258,Aris,Maccarone,Senior Staff"
"11266,Florina,Rohrbach,Senior Engineer"
"11267,Shaunak,Zaumen,Senior Engineer"
"11268,Aimee,Petersohn,Senior Engineer"
"11274,Masanao,Nicolson,Staff"
"11275,Hitomi,Eppinger,Senior Engineer"
"11288,Domenico,Eastman,Senior Staff"
"11289,Chuanti,Cherinka,Senior Engineer"
"11290,Visit,Dredge,Engineer"
"11291,Gino,Glowinski,Senior Engineer"
"11292,Souichi,Sichman,Senior Engineer"
"11294,Tru,Segond,Senior Engineer"
"11295,Abdelkader,Lanzelotte,Senior Staff"
"11296,Hironobu,Kenevan,Senior Engineer"
"11297,Geraldo,Levergood,Engineer"
"11300,Lillian,Fontet,Engineer"
"11301,Mingzeng,Oxenboll,Senior Staff"
"11302,Shem,Senzako,Staff"
"11315,Neven,Meriste,Staff"
"11317,Shigeaki,Hagimont,Senior Staff"
"11319,Pranas,Marrakchi,Assistant Engineer"
"11320,Atilio,McAlpine,Senior Staff"
"11322,Nathalie,Pocchiola,Senior Engineer"
"11324,Kauko,Billingsley,Senior Engineer"
"11325,Samphel,Rossi,Engineer"
"11326,Munenori,Plesums,Senior Engineer"
"11338,Kwangsub,Hanratty,Senior Staff"
"11339,Flemming,Massonet,Senior Engineer"
"11340,Aris,Bala,Senior Engineer"
"11343,Susanne,Erez,Senior Engineer"
"11347,Anneli,Jonsson,Senior Engineer"
"11349,Yurii,Hammerschmidt,Engineer"
"11360,Fen,Schach,Senior Staff"
"11365,Toshimi,Shinomoto,Engineer"
"11372,Susanta,Vilarrasa,Senior Staff"
"11373,Yongmao,Keohane,Senior Staff"
"11376,Valery,Suomi,Senior Staff"
"11380,Kenroku,Pelc,Senior Engineer"
"11385,Shiv,Ullian,Engineer"
"11386,Alselm,Assaf,Senior Engineer"
"11387,Jordanka,Kalloufi,Engineer"
"11393,Junsik,Junot,Senior Engineer"
"11396,Anneke,Servieres,Engineer"
"11398,Oscar,Peir,Senior Staff"
"11401,Huan,Merey,Staff"
"11404,Bedrich,Borovoy,Technique Leader"
"11406,Eberhardt,Gini,Senior Staff"
"11410,Gro,Vendrig,Engineer"
"11414,Eishiro,Pearson,Senior Staff"
"11415,Sanjiv,Anido,Engineer"
"11417,Anneli,Cyne,Technique Leader"
"11418,Satosi,Cooley,Senior Staff"
"11420,Tsutomu,Lalonde,Senior Staff"
"11421,Josyula,Msuda,Senior Engineer"
"11423,Guangming,Kopetz,Staff"
"11425,Renee,Crelier,Senior Engineer"
"11428,Remco,Reinhart,Engineer"
"11431,Youngkon,Picht,Senior Staff"
"11441,Marlo,Aingworth,Senior Staff"
"11446,Naftali,Narahara,Senior Engineer"
"11449,Kotesh,Asser,Senior Engineer"
"11451,Eben,Rajaraman,Senior Engineer"
"11452,Shigehito,Luby,Senior Staff"
"11459,Duke,Suomi,Senior Staff"
"11460,Mana,Maraist,Senior Engineer"
"11461,Kish,Cronau,Senior Engineer"
"11468,Navin,Maksimenko,Staff"
"11469,Guttorm,Giaccio,Senior Engineer"
"11474,Gennady,Akazan,Engineer"
"11476,Manton,Yoshizawa,Staff"
"11477,Fox,Narahari,Engineer"
"11479,Shridhar,Pleszkun,Staff"
"11501,Karsten,Ranum,Senior Staff"
"11503,Nathan,Picht,Senior Engineer"
"11506,Rance,Picel,Staff"
"11509,Aleksander,Feldhoffer,Senior Engineer"
"11513,Otmar,Mahnke,Senior Staff"
"11515,Ulf,Basawa,Staff"
"11518,Jinxi,Oxman,Senior Staff"
"11519,Halsur,Chinen,Senior Staff"
"11521,Eldridge,Eastman,Staff"
"11523,Yuguang,Pezzoli,Engineer"
"11524,Xiadong,Standera,Senior Engineer"
"11526,Tonny,Impagliazzo,Senior Staff"
"11527,Alagu,Boyle,Staff"
"11528,Zito,Dolinsky,Technique Leader"
"11531,Radhika,Motley,Technique Leader"
"11533,Vitaly,Lorch,Technique Leader"
"11537,DAIDA,Pehl,Senior Staff"
"11540,Chanjung,Portugali,Senior Engineer"
"11554,Subhash,Taubenfeld,Staff"
"11555,Kotesh,Perfilyeva,Senior Staff"
"11562,Rimli,Alencar,Engineer"
"11567,Teiji,Mitzlaff,Senior Staff"
"11568,Martins,Fujisaki,Senior Engineer"
"11573,Pranas,Hutton,Senior Engineer"
"11575,Godehard,Plotkin,Engineer"
"11577,Mayumi,Deyuan,Senior Engineer"
"11578,Edwin,Rosti,Senior Engineer"
"11581,Patricio,Rosenbaum,Senior Engineer"
"11587,Shem,Zambonelli,Senior Engineer"
"11588,Kaijung,Panangaden,Senior Staff"
"11589,Gina,Plessier,Senior Engineer"
"11595,Takanari,Kamber,Senior Staff"
"11596,Yannik,Gunderson,Staff"
"11597,Yongdong,Talmon,Senior Engineer"
"11602,Somnath,Malabarba,Senior Staff"
"11603,Herb,Swen,Senior Staff"
"11606,Perry,Pepe,Senior Staff"
"11607,Tomokazu,Foong,Engineer"
"11615,Shem,Isaak,Senior Staff"
"11616,Zhilian,Brendel,Engineer"
"11624,Adil,Gammage,Senior Engineer"
"11628,Fan,Malinowski,Senior Engineer"
"11636,Fumitaka,Shiratori,Engineer"
"11640,Valeri,Coorg,Senior Engineer"
"11641,Chikako,Rothenberg,Senior Engineer"
"11644,Sanjit,Zaiane,Assistant Engineer"
"11646,Lobel,Rubsam,Engineer"
"11647,Magy,Nitsche,Senior Engineer"
"11649,Shen,Bernardinello,Technique Leader"
"11660,Gill,Stenning,Senior Staff"
"11664,Oksana,Brizzi,Senior Staff"
"11667,Kristian,Marchegay,Senior Staff"
"11673,Henk,Felder,Technique Leader"
"11676,Valeri,Ferriere,Engineer"
"11681,Fumitake,Benzmuller,Senior Engineer"
"11684,Oksana,Gide,Senior Staff"
"11686,Nadjib,Srimani,Senior Staff"
"11690,Domenick,Raczkowsky,Staff"
"11693,Hideo,Coorg,Senior Engineer"
"11696,Dante,Rothe,Senior Staff"
"11705,Arve,Hofmeyr,Senior Staff"
"11708,Chenye,Angot,Staff"
"11713,Danel,Heusch,Senior Engineer"
"11732,Sanjoy,Ranft,Senior Engineer"
"11733,Leszek,Sudbeck,Senior Engineer"
"11735,Amalendu,Picci,Senior Staff"
"11736,Shugo,Uchoa,Senior Engineer"
"11737,Martina,Garnier,Assistant Engineer"
"11738,Tadahiro,Lichtman,Senior Engineer"
"11746,Koichi,Marrakchi,Senior Staff"
"11747,Aksel,Kossowski,Senior Staff"
"11748,Lihong,Massonet,Engineer"
"11751,Jiafu,Emiris,Senior Staff"
"11755,Zhenbing,Karner,Senior Staff"
"11756,Abdelwaheb,Vakili,Engineer"
"11763,Yuriy,Liesche,Engineer"
"11764,Sanjay,Anick,Senior Engineer"
"11765,Zorica,Junet,Senior Staff"
"11769,Chandrasekaran,Lampe,Senior Staff"
"11770,Arumugam,Jakobus,Senior Engineer"
"11772,Gaurav,Penz,Engineer"
"11774,Aron,Wroclawski,Engineer"
"11778,Dhritiman,Fontan,Senior Engineer"
"11779,Shunichi,Thombley,Staff"
"11791,Gal,Mamelak,Senior Engineer"
"11797,Chenxi,Thambidurai,Senior Staff"
"11801,Tommaso,Dayang,Senior Staff"
"11805,Rosine,Grandbois,Assistant Engineer"
"11807,Chriss,Binding,Technique Leader"
"11810,Amabile,Bhattacharjee,Senior Engineer"
"11811,Herb,Boissier,Senior Staff"
"11813,Gita,Muhlberg,Staff"
"11814,Manohar,Shinomoto,Staff"
"11817,Niranjan,Markovitch,Senior Staff"
"11821,Mary,Piazza,Senior Engineer"
"11822,Sastry,Madeira,Staff"
"11823,Weiyi,Iacovou,Senior Engineer"
"11829,Chaosheng,Pettis,Assistant Engineer"
"11832,Arto,Zlotek,Engineer"
"11836,Ortrud,Bakhtari,Senior Staff"
"11838,Taiji,Nitta,Staff"
"11841,Elvia,Bugrara,Staff"
"11842,Moto,Piazza,Senior Staff"
"11844,Shawna,Demeyer,Senior Engineer"
"11846,Fai,Perly,Senior Engineer"
"11847,Tzvetan,Brandsma,Senior Engineer"
"11853,Zeljko,Kusakabe,Senior Staff"
"11857,Divier,Farrag,Senior Staff"
"11862,Alejandra,Deville,Senior Engineer"
"11864,Pradeep,Kriebel,Staff"
"11868,Kwee,Demke,Engineer"
"11869,Fumino,Luca,Engineer"
"11871,Nalini,Sommen,Senior Engineer"
"11872,Cheong,Riexinger,Senior Staff"
"11876,Leszek,Kobuchi,Senior Engineer"
"11877,Heng,Sudkamp,Senior Staff"
"11881,Arra,Staelin,Senior Staff"
"11883,Nectarios,Bhattacharjee,Engineer"
"11888,Badri,Azulay,Senior Staff"
"11894,Mitchel,Validov,Senior Engineer"
"11896,Shaunak,Benzmuller,Technique Leader"
"11897,Cordelia,Setlzner,Senior Staff"
"11906,Hideo,Boguraev,Engineer"
"11911,Ashish,Mondadori,Senior Engineer"
"11915,Miomir,Mawatari,Senior Engineer"
"11917,Jiakeng,VanScheik,Engineer"
"11926,Leni,Felcyn,Engineer"
"11931,Gunilla,Chiodo,Senior Staff"
"11933,Basil,Erman,Senior Engineer"
"11938,Aruna,Verspoor,Staff"
"11939,Chinhyun,Basart,Technique Leader"
"11940,Ult,Anido,Assistant Engineer"
"11944,Along,Aumann,Senior Engineer"
"11945,Limsoon,Marakhovsky,Staff"
"11948,Yahiko,Nergos,Senior Engineer"
"11949,Martijn,Harbusch,Technique Leader"
"11951,Bernt,Haumacher,Senior Engineer"
"11965,Arup,Morrey,Engineer"
"11972,Sibyl,Beausoleil,Senior Staff"
"11980,Yechezkel,Pews,Staff"
"11983,Jaana,Hedayat,Senior Engineer"
"11987,Vidya,Schaar,Senior Staff"
"11988,Chinya,Chinin,Senior Engineer"
"11989,Erzsebet,Peltason,Technique Leader"
"11993,Marit,Dalphin,Senior Staff"
"11994,Sigeru,Fiebach,Senior Staff"
"11997,Heon,Mawatari,Staff"
"12007,Marko,Dehkordi,Senior Engineer"
"12008,Frederique,Zykh,Engineer"
"12011,Zhilian,Coorg,Senior Staff"
"12015,Kensei,Guenter,Staff"
"12021,Chikara,Rahimi,Senior Engineer"
"12023,Chuanyi,Eppinger,Technique Leader"
"12024,Mayumi,Lanzelotte,Staff"
"12025,Jaewoo,Heiserman,Staff"
"12028,Ingemar,Walstra,Senior Engineer"
"12030,Shuky,Cromarty,Staff"
"12033,Visit,Serot,Engineer"
"12034,Aemilian,Piazza,Staff"
"12036,Mads,Ratzlaff,Senior Staff"
"12037,Arunas,Katzenelson,Senior Staff"
"12040,Bluma,Kermarrec,Senior Staff"
"12043,Masaki,Lubachevsky,Staff"
"12044,Rance,Hemaspaandra,Senior Engineer"
"12047,Jordanka,Ligten,Assistant Engineer"
"12050,Yuchang,Tchuente,Engineer"
"12052,Masako,Khasidashvili,Technique Leader"
"12053,Yechezkel,Pelc,Senior Engineer"
"12054,Odysseas,Braccini,Staff"
"12055,Rutger,Kilgore,Staff"
"12060,Toshimi,Antonakopoulos,Technique Leader"
"12062,Margareta,Worfolk,Senior Staff"
"12063,Lein,Bale,Senior Engineer"
"12069,Ayonca,Burnard,Senior Engineer"
"12070,Ger,Shokrollahi,Technique Leader"
"12076,Karlis,Siprelle,Senior Staff"
"12077,Steve,Hutton,Senior Engineer"
"12080,Panayotis,Feinberg,Senior Staff"
"12082,Xinan,Yamaashi,Senior Staff"
"12087,Weijing,Jumpertz,Engineer"
"12089,Bilhanan,Socorro,Senior Staff"
"12090,Shigenori,Angelopoulos,Engineer"
"12091,Lansing,Cunliffe,Senior Engineer"
"12092,Kauko,Unno,Senior Staff"
"12093,Evgueni,Oxenboll,Senior Engineer"
"12094,Weiru,Pearson,Senior Staff"
"12095,Fai,Smeets,Senior Engineer"
"12099,Nobuyoshi,Kuzuoka,Senior Staff"
"12102,Aron,Erde,Staff"
"12103,Becky,Erie,Staff"
"12104,Dulce,Kohling,Senior Engineer"
"12112,Satyanarayana,Avouris,Senior Staff"
"12114,Shiv,Rubsam,Staff"
"12122,Satoru,Krone,Senior Engineer"
"12123,Xiahua,Syrzycki,Senior Staff"
"12125,Shounak,Erman,Engineer"
"12128,Yannik,Barreiro,Staff"
"12138,Takahito,Brender,Engineer"
"12140,Xudong,Paciorek,Senior Staff"
"12148,Hidde,Garigliano,Assistant Engineer"
"12149,Suebskul,Grandbois,Senior Staff"
"12159,Shem,Perly,Senior Engineer"
"12160,Aamer,Garrabrants,Senior Staff"
"12164,Muneo,Chachaty,Engineer"
"12165,Xiaobin,Maquelin,Senior Engineer"
"12168,Arnd,Salverda,Senior Staff"
"12172,Jianhua,Llado,Senior Staff"
"12173,Adel,Nanard,Senior Engineer"
"12174,Slavian,Plavsic,Senior Engineer"
"12183,Harngdar,Iisaku,Engineer"
"12186,Guther,Nooteboom,Senior Staff"
"12190,Abdulah,Engberts,Senior Engineer"
"12191,Rosella,Bazzichi,Engineer"
"12192,Feiyu,Klyachko,Senior Engineer"
"12205,Sushant,Rossi,Senior Engineer"
"12206,Barton,Janetzko,Senior Engineer"
"12210,Vugranam,Ashish,Senior Staff"
"12213,Kwangho,Brizzi,Senior Staff"
"12216,Aloke,Mansanne,Engineer"
"12218,Yaghout,Strooper,Senior Engineer"
"12219,Junsik,Gadepally,Senior Staff"
"12221,Vincent,Melter,Senior Engineer"
"12222,Abdelwaheb,Holburn,Senior Staff"
"12223,Niteen,Koyama,Senior Engineer"
"12230,Yuriy,Bellone,Engineer"
"12231,Nishit,Bharadwaj,Senior Engineer"
"12235,Honesty,Haumacher,Staff"
"12242,Satoru,Wolniewicz,Engineer"
"12247,Subbu,Penttonen,Technique Leader"
"12249,Eldridge,Sadowski,Senior Engineer"
"12250,Kerhong,Aloia,Senior Engineer"
"12254,Chaitali,Stafford,Engineer"
"12256,Guadalupe,Reghbati,Senior Staff"
"12258,Kankanahalli,Eiter,Senior Engineer"
"12264,Mart,Pagter,Engineer"
"12269,Mohammed,Whitcomb,Senior Engineer"
"12270,Shakhar,Kornyak,Senior Staff"
"12272,Behnaam,Grandbois,Senior Staff"
"12273,Jaideep,Uehara,Senior Staff"
"12274,Garnik,Papadias,Engineer"
"12276,Yongmin,Lenart,Senior Engineer"
"12281,Hisao,Langford,Senior Engineer"
"12282,Tadahiro,Delgrange,Engineer"
"12291,Masamitsu,Koyama,Senior Staff"
"12298,Tetsurou,Rodham,Senior Engineer"
"12303,Godehard,Braccini,Senior Staff"
"12308,Mototsugu,Cronau,Senior Staff"
"12311,Susanne,Lubachevsky,Senior Engineer"
"12312,Chenye,Velasco,Engineer"
"12316,Hyuncheol,Duclos,Engineer"
"12317,Weiyi,Crabtree,Staff"
"12327,DAIDA,Bruckman,Senior Engineer"
"12328,Atilio,Prampolini,Staff"
"12335,Arnould,Genin,Senior Staff"
"12338,Kagan,Besselaar,Staff"
"12339,Pranay,Czaja,Staff"
"12341,Rasiah,Luga,Senior Engineer"
"12343,Sorina,Slaats,Senior Staff"
"12345,Xuedong,Mellouli,Senior Engineer"
"12351,Gennady,Zizka,Engineer"
"12355,Vidar,Hutton,Senior Engineer"
"12364,Neelam,Cummings,Assistant Engineer"
"12365,Kamakshi,Bisiani,Senior Engineer"
"12366,Patricio,Setlzner,Staff"
"12368,Gor,Dechter,Senior Staff"
"12373,Mooi,Driscoll,Senior Staff"
"12379,Kazuhisa,Serna,Technique Leader"
"12380,Menkae,Farrow,Staff"
"12381,Amalendu,Klerer,Senior Staff"
"12388,Arumugam,Hebert,Senior Engineer"
"12394,Stevo,Reeken,Engineer"
"12395,Sanjit,Felder,Senior Staff"
"12399,Mihalis,Luga,Senior Staff"
"12407,Jianwen,Brodie,Engineer"
"12411,Shao,Ibel,Senior Staff"
"12413,Hugh,Gadepally,Senior Engineer"
"12415,Uri,Sluis,Staff"
"12417,Dannz,Spelt,Senior Engineer"
"12421,Toshimi,Gulik,Senior Engineer"
"12422,Berhard,Demos,Senior Staff"
"12426,Shahaf,Valtorta,Technique Leader"
"12427,Zissis,Daescu,Senior Staff"
"12434,Xumin,Bernardinello,Engineer"
"12438,Yongmao,Mondadori,Senior Staff"
"12450,Sanjeeva,Perng,Senior Engineer"
"12451,Pramod,Marzano,Senior Engineer"
"12452,Hiroyasu,Francisci,Engineer"
"12454,Kerryn,Farris,Staff"
"12464,Shai,Milicic,Staff"
"12466,Cullen,Nations,Senior Staff"
"12468,Ioana,Baezner,Staff"
"12470,Khue,Hinsberger,Engineer"
"12475,Filipe,Roison,Senior Engineer"
"12478,Yahiko,Hopewell,Senior Staff"
"12480,Tetsushi,Schade,Staff"
"12482,Chandrasekaran,Rijckaert,Senior Engineer"
"12487,Mona,Reghbati,Senior Staff"
"12488,Etsuo,Gerteisen,Senior Engineer"
"12489,Arnould,Munck,Senior Engineer"
"12490,Jackson,Muchinsky,Senior Engineer"
"12492,Kristinn,Hammerschmidt,Senior Engineer"
"12493,Filipp,Menhardt,Senior Engineer"
"12497,Stein,Penz,Senior Staff"
"12499,Izaskun,Lamba,Senior Staff"
"12501,Morrie,Matheson,Senior Staff"
"12502,Danil,VanScheik,Senior Engineer"
"12504,Adly,Rosaz,Engineer"
"12505,Barton,Goldhammer,Senior Staff"
"12506,Gay,Rodite,Engineer"
"12509,Rutger,Krzyzanowski,Senior Staff"
"12514,Tomofumi,Melter,Engineer"
"12515,Pranav,Wilharm,Senior Engineer"
"12520,Goetz,Basart,Engineer"
"12522,Trygve,Zhang,Technique Leader"
"12523,Tonia,Casley,Senior Staff"
"12524,Tetsushi,Demeyer,Engineer"
"12528,Conor,Cincotta,Senior Staff"
"12534,Yongmao,Gerlach,Senior Engineer"
"12537,Avishai,Gonthier,Senior Staff"
"12540,Poornachandra,Bresenham,Senior Staff"
"12541,Shih,Nanard,Senior Staff"
"12542,Kazuhide,Bouloucos,Senior Staff"
"12551,Jeane,Tzvieli,Senior Engineer"
"12552,Mechthild,Zongker,Staff"
"12553,Aral,Vesna,Senior Staff"
"12555,Spyrose,DuCasse,Assistant Engineer"
"12557,Stafford,Kopetz,Senior Engineer"
"12558,Danco,Niizuma,Senior Engineer"
"12563,Honesty,Ducloy,Engineer"
"12564,Remco,Nitsche,Staff"
"12568,Marlo,Boyle,Engineer"
"12571,Abdelaziz,Candan,Engineer"
"12574,Mong,Gelosh,Engineer"
"12586,Oguz,Tasistro,Senior Engineer"
"12588,Yagil,Kenevan,Senior Engineer"
"12589,Anoosh,Chleq,Senior Engineer"
"12590,Gita,Rosenbaum,Senior Staff"
"12596,Breannda,Roisin,Senior Staff"
"12597,Kazuhito,Petereit,Senior Staff"
"12601,Ghassan,Simkin,Senior Engineer"
"12603,Utpal,Roison,Staff"
"12608,Nectarios,Mondadori,Senior Staff"
"12612,Chandrasekaran,Thimonier,Staff"
"12617,Shawna,Rusterholz,Senior Staff"
"12623,Raimond,Scharstein,Senior Staff"
"12626,Gill,Comyn,Senior Engineer"
"12630,Sreekrishna,Falco,Senior Staff"
"12635,Xinyu,Restivo,Senior Engineer"
"12636,Yuuichi,Debuse,Senior Staff"
"12637,Poorav,Karner,Senior Staff"
"12638,Yuqun,Seiwald,Engineer"
"12639,Zeljko,Schapire,Senior Engineer"
"12642,Suebskul,Gips,Senior Staff"
"12644,Bernt,Jayawardene,Senior Engineer"
"12645,Kyoichi,Decaestecker,Staff"
"12651,Pragnesh,Bael,Senior Staff"
"12656,Seshu,Morton,Senior Staff"
"12662,Leucio,Alvarado,Engineer"
"12663,Nobuyoshi,Stellhorn,Technique Leader"
"12664,Zhonghua,Parveen,Staff"
"12665,Amalendu,Lanphier,Staff"
"12666,Stamatina,Prenel,Engineer"
"12670,Seongbae,Alameldin,Engineer"
"12672,Mayumi,Varman,Senior Engineer"
"12678,Carrsten,Borovoy,Engineer"
"12680,Bader,Staudhammer,Staff"
"12687,Weicheng,Badache,Staff"
"12689,Luerbio,Boudaillier,Senior Engineer"
"12691,Oddvar,Gils,Senior Engineer"
"12694,Kazuhira,Luders,Engineer"
"12697,Uri,Brizzi,Senior Staff"
"12707,Gregory,Zastre,Staff"
"12709,Ronghao,Botman,Senior Engineer"
"12715,Honglan,Showalter,Staff"
"12717,Tzu,Jiafu,Staff"
"12721,Sajjan,Szilard,Engineer"
"12722,Elliott,Cheshire,Senior Staff"
"12725,Inderjeet,Flexer,Senior Staff"
"12726,Fumitake,Panwar,Senior Engineer"
"12729,Nahla,Rahier,Senior Engineer"
"12730,Barry,Perl,Technique Leader"
"12731,Yongmao,Waymire,Senior Staff"
"12732,Mara,Takanami,Senior Staff"
"12734,Gil,Frijda,Senior Engineer"
"12746,Heekeun,Lunn,Senior Engineer"
"12747,Salvador,Atrawala,Technique Leader"
"12748,Berry,Kakkar,Engineer"
"12753,Kazuhito,Syrotiuk,Senior Engineer"
"12754,Ronnie,Tetzlaff,Senior Engineer"
"12755,Rildo,Rodite,Senior Staff"
"12758,Hauke,Pashtan,Staff"
"12759,LiMin,Kuszyk,Senior Staff"
"12761,Hitofumi,Schaad,Senior Staff"
"12768,Mingdong,Stiles,Engineer"
"12769,Abdelwaheb,Gluchowski,Engineer"
"12770,Maik,Benzaken,Senior Staff"
"12773,Jenwei,Lovengreen,Senior Engineer"
"12774,Moon,Asrin,Engineer"
"12775,Mariangiola,Berendt,Engineer"
"12777,Sreenivas,Cichocki,Senior Staff"
"12785,Bouchung,Armand,Senior Engineer"
"12786,Weiyi,Schusler,Engineer"
"12789,Sanjai,Felcyn,Engineer"
"12790,Gunilla,Perl,Senior Staff"
"12795,Masoud,Fordan,Senior Staff"
"12796,Saniya,Stanfel,Senior Engineer"
"12798,Lillian,Beeson,Senior Staff"
"12799,Tiina,Businaro,Senior Staff"
"12803,Gad,Boissier,Senior Staff"
"12807,Gretta,Babb,Senior Engineer"
"12810,Kristof,Staelin,Technique Leader"
"12814,Jaques,Kohling,Technique Leader"
"12815,Sushant,Junot,Senior Staff"
"12816,Freyja,Ramras,Senior Engineer"
"12819,Mountaz,Gubsky,Senior Engineer"
"12821,Arco,Gihr,Engineer"
"12825,Sakthirel,Cannata,Senior Engineer"
"12828,Oksana,Camurati,Staff"
"12829,Harngdar,Harbusch,Senior Engineer"
"12831,Maris,Baja,Engineer"
"12840,Zhensheng,Ferretti,Engineer"
"12843,Yinlin,Heijenga,Senior Engineer"
"12846,Krisda,Cyne,Senior Staff"
"12848,Kazuhide,Smeets,Engineer"
"12851,Kwangyoen,Ramsay,Staff"
"12853,Mang,Brobst,Senior Staff"
"12855,Mabhin,Murrill,Senior Staff"
"12857,Alagu,Gils,Senior Engineer"
"12863,Leif,Matheson,Senior Engineer"
"12865,Katsuyuki,Rothe,Senior Staff"
"12868,Berthier,Nanard,Senior Engineer"
"12869,Jacopo,Swiler,Staff"
"12871,Shay,Zockler,Staff"
"12872,Marl,Schmittgen,Senior Staff"
"12876,Apostol,Goodrum,Engineer"
"12879,Baruch,Eugenio,Senior Engineer"
"12881,Huai,Yurek,Staff"
"12885,Anwar,Collavizza,Senior Engineer"
"12887,Hilari,DuBourdieux,Senior Engineer"
"12888,Martien,Erni,Senior Staff"
"12889,Mayumi,Mukaidono,Engineer"
"12890,Neven,Casley,Senior Staff"
"12893,Licheng,Crouzet,Senior Staff"
"12895,Roddy,Serot,Senior Engineer"
"12899,Chinho,Sethi,Senior Staff"
"12905,Munehiro,Gecsei,Senior Engineer"
"12910,Uno,Casley,Staff"
"12915,Arco,Ligten,Senior Staff"
"12922,Jacqueline,Porenta,Senior Staff"
"12923,Chaosheng,Journel,Senior Engineer"
"12926,Heekeun,Luby,Senior Staff"
"12934,Adil,Solares,Senior Engineer"
"12936,Reinhold,Farrow,Technique Leader"
"12937,Arup,Cincotta,Staff"
"12940,Odinaldo,Farrar,Senior Engineer"
"12941,Tommaso,Perelgut,Senior Engineer"
"12944,Alselm,Benzmuller,Senior Staff"
"12949,Geoff,Asrin,Senior Engineer"
"12951,Mohammad,Keirsey,Senior Staff"
"12960,Tayeb,Navazio,Engineer"
"12962,Paraskevi,Beerel,Senior Staff"
"12969,Mohan,Angot,Senior Staff"
"12972,Juyoung,Azevdeo,Staff"
"12974,Gift,Frolund,Senior Staff"
"12977,Byong,Markovitch,Senior Engineer"
"12981,Maren,Merro,Engineer"
"12982,Sachem,Aamodt,Senior Engineer"
"12983,Elliott,Hambrick,Staff"
"12984,Atilio,Krohm,Engineer"
"12986,Khun,Hennebert,Senior Engineer"
"12987,Youngkon,Kading,Senior Engineer"
"13000,Adhemar,Chiodo,Engineer"
"13002,Henk,Muhlberg,Senior Engineer"
"13004,Fan,Beznosov,Senior Engineer"
"13008,Jayesh,Zaumen,Engineer"
"13011,Aamer,Glowinski,Technique Leader"
"13012,Florina,Harbusch,Senior Engineer"
"13013,Heekeun,Baak,Engineer"
"13027,Paraskevi,Kohling,Technique Leader"
"13030,Yahiko,Kroll,Senior Staff"
"13034,Arunas,Rosen,Senior Staff"
"13046,Vivian,Stafford,Senior Staff"
"13047,Atilio,Chelton,Senior Engineer"
"13048,Kerhong,Massonet,Senior Engineer"
"13049,Fan,Naudin,Staff"
"13052,Aleksandar,Schlenzig,Senior Engineer"
"13054,Samphel,Masamoto,Senior Engineer"
"13062,Xinglin,Baak,Technique Leader"
"13065,Zine,Schiper,Senior Staff"
"13067,Wayne,Kornyak,Senior Engineer"
"13073,Utpal,Journel,Staff"
"13075,Rosella,Morrin,Senior Staff"
"13076,Deniz,Skafidas,Engineer"
"13084,Domenico,Pagter,Senior Staff"
"13086,Dzung,Domenig,Senior Staff"
"13087,Gor,Ranft,Senior Engineer"
"13093,Sajjan,Unno,Staff"
"13095,Khedija,Cochrane,Staff"
"13096,Ibibia,Armand,Senior Engineer"
"13103,Srinidhi,Ellozy,Senior Engineer"
"13108,Rance,Matteis,Senior Staff"
"13110,Maria,Kamble,Senior Engineer"
"13113,Kwun,Landherr,Staff"
"13124,Quingbo,Garnick,Senior Staff"
"13126,Parviz,Hennebert,Senior Engineer"
"13133,Guther,Senzako,Senior Staff"
"13134,Lorien,Chepyzhov,Senior Engineer"
"13140,Shuji,Vidal,Staff"
"13143,Qingxiang,Ventosa,Technique Leader"
"13144,Persi,Nollmann,Senior Staff"
"13146,Haldon,Erie,Senior Staff"
"13147,Shichao,Ginesta,Senior Staff"
"13149,Alejandro,Gill,Assistant Engineer"
"13150,Mahmut,Stavenow,Technique Leader"
"13156,Akeel,Millington,Senior Engineer"
"13159,Jingling,Ranst,Staff"
"13161,Manu,Picci,Senior Engineer"
"13165,Lucian,Benner,Senior Engineer"
"13168,Munir,Stentiford,Senior Engineer"
"13170,Cheong,Bernardeschi,Senior Staff"
"13171,Anoosh,Birnbaum,Senior Engineer"
"13173,Arve,Horswill,Senior Staff"
"13175,Yucai,Swick,Senior Engineer"
"13179,Moty,Janocha,Staff"
"13182,Kokou,Rodite,Engineer"
"13186,Kyoichi,Barbanera,Senior Staff"
"13189,Yuuichi,Bazzichi,Staff"
"13192,Rosita,Flowers,Technique Leader"
"13197,Rosita,Litzler,Staff"
"13200,Weidon,Pauthner,Senior Engineer"
"13202,Aram,Scharstein,Senior Staff"
"13203,Phule,Emmart,Senior Staff"
"13204,Mircea,Pellegrinelli,Assistant Engineer"
"13206,Tetsurou,Rullman,Staff"
"13210,Jianhua,Klassen,Senior Staff"
"13213,Hein,Billawala,Senior Staff"
"13216,Stabislas,Weedman,Staff"
"13221,Premsyl,Famili,Senior Staff"
"13227,Goncalo,Pell,Staff"
"13232,Mitchel,Fujisaki,Technique Leader"
"13233,Alselm,Chvatal,Senior Engineer"
"13235,Taizo,Remmers,Engineer"
"13238,Ebru,Foote,Senior Staff"
"13240,King,Pileggi,Senior Engineer"
"13243,Fay,Huxford,Staff"
"13246,Adil,Siepmann,Staff"
"13248,Keiichiro,Guting,Staff"
"13249,Oldrich,Rissland,Staff"
"13250,Zeydy,Schusler,Senior Engineer"
"13252,Morris,Kavvadias,Staff"
"13260,JoAnna,McDermid,Technique Leader"
"13261,Martial,Peternell,Staff"
